"id";"password_hash";"first_name";"surname";"email";"date_of_birth";"gender_id";"gender_preference_id";"From_age";"to_age";"city_id";"Travel_distance";"relationship_type_id";"picture";"my_bio";"black_listed_user";"black_listed_reason";"black_listed_date";"user_status_id";"is_administrator"
1;"ea6fe492a87314a2b0b3a2cae58a76142c61b6f30d8241178ab2879445c7f28a";"Adrian";"O'Sullivan";"16230124@studentmail.ul.ie";"2018-07-02";1;1;0;0;1;0;1;"";"";0;"";"";1;1
2;"ea6fe492a87314a2b0b3a2cae58a76142c61b6f30d8241178ab2879445c7f28a";"Mary";"Cronin";"0510661@stedentmail.ul.ie";"2018-07-02";2;1;0;0;1;0;1;"";"";0;"";"";1;1
3;"ea6fe492a87314a2b0b3a2cae58a76142c61b6f30d8241178ab2879445c7f28a";"Deirdre";"Shanahan";"16230256@studentmail.ul.ie";"2018-07-02";2;1;0;0;1;0;1;"";"";0;"";"";1;1
4;"ea6fe492a87314a2b0b3a2cae58a76142c61b6f30d8241178ab2879445c7f28a";"Niall";"Broderick";"0199124@studentmail.ul.ie";"2018-07-02";1;2;0;0;1;0;1;"";"";0;"";"";1;1
5;"ea6fe492a87314a2b0b3a2cae58a76142c61b6f30d8241178ab2879445c7f28a";"John";"Doe";"john.doe@gmail.com";"1996-01-06";1;1;20;25;2;25;2;"‰PNG

";"";0;"";"";1;0
6;"ea6fe492a87314a2b0b3a2cae58a76142c61b6f30d8241178ab2879445c7f28a";"Gavin";"Hunter";"Gavin.Hunter@gmail.com";"1996-01-06";1;1;20;25;3;30;3;"‰PNG

";"";0;"";"";1;0
7;"ea6fe492a87314a2b0b3a2cae58a76142c61b6f30d8241178ab2879445c7f28a";"Carol";"James";"Carol.James@gmail.com";"1996-01-06";2;2;20;25;4;35;4;"‰PNG

";"";0;"";"";1;0
8;"ea6fe492a87314a2b0b3a2cae58a76142c61b6f30d8241178ab2879445c7f28a";"Yvonne";"Edmunds";"Yvonne.Edmunds@gmail.com";"1996-01-06";2;2;20;25;5;40;1;"‰PNG

";"";0;"";"";1;0
9;"ea6fe492a87314a2b0b3a2cae58a76142c61b6f30d8241178ab2879445c7f28a";"Max";"Glover";"Max.Glover@gmail.com";"1996-01-06";1;1;20;25;6;45;2;"‰PNG

";"";0;"";"";1;0
10;"ea6fe492a87314a2b0b3a2cae58a76142c61b6f30d8241178ab2879445c7f28a";"Dan";"King";"Dan.King@gmail.com";"1983-07-11";1;2;30;40;7;50;3;"‰PNG

";"";0;"";"";1;0
11;"ea6fe492a87314a2b0b3a2cae58a76142c61b6f30d8241178ab2879445c7f28a";"Carolyn";"Thomson";"Carolyn.Thomson@gmail.com";"1983-07-11";2;2;30;40;8;55;4;"‰PNG

";"";0;"";"";1;0
12;"ea6fe492a87314a2b0b3a2cae58a76142c61b6f30d8241178ab2879445c7f28a";"Angela";"Martin";"Angela.Martin@gmail.com";"1983-07-11";2;1;30;40;9;60;1;"‰PNG

";"";0;"";"";1;0
13;"ea6fe492a87314a2b0b3a2cae58a76142c61b6f30d8241178ab2879445c7f28a";"Melanie";"Slater";"Melanie.Slater@gmail.com";"1968-07-14";2;2;40;60;10;20;2;"‰PNG

";"";0;"";"";1;0
14;"ea6fe492a87314a2b0b3a2cae58a76142c61b6f30d8241178ab2879445c7f28a";"Jennifer";"Langdon";"Jennifer.Langdon@gmail.com";"1968-07-14";2;2;40;60;1;25;3;"‰PNG

";"";0;"";"";1;0
15;"ea6fe492a87314a2b0b3a2cae58a76142c61b6f30d8241178ab2879445c7f28a";"Paul";"Alsop";"Paul.Alsop@gmail.com";"1968-07-14";1;1;40;60;2;30;4;"‰PNG

";"";0;"";"";1;0
16;"ea6fe492a87314a2b0b3a2cae58a76142c61b6f30d8241178ab2879445c7f28a";"Owen";"Wilkins";"Owen.Wilkins@gmail.com";"1968-07-14";1;1;40;60;3;35;1;"‰PNG

";"";0;"";"";1;0
17;"ea6fe492a87314a2b0b3a2cae58a76142c61b6f30d8241178ab2879445c7f28a";"Ella";"Taylor";"Ella.Taylor@gmail.com";"1968-07-14";2;2;40;60;4;40;2;"‰PNG

";"";0;"";"";1;0
18;"ea6fe492a87314a2b0b3a2cae58a76142c61b6f30d8241178ab2879445c7f28a";"Amanda";"Young";"Amanda.Young@gmail.com";"1999-01-05";2;1;18;21;5;45;3;"‰PNG

";"";0;"";"";1;0
19;"ea6fe492a87314a2b0b3a2cae58a76142c61b6f30d8241178ab2879445c7f28a";"Abigail";"Mackay";"Abigail.Mackay@gmail.com";"1999-01-05";2;2;18;21;6;50;4;"‰PNG

";"";0;"";"";1;0
20;"ea6fe492a87314a2b0b3a2cae58a76142c61b6f30d8241178ab2879445c7f28a";"Lily";"Avery";"Lily.Avery@gmail.com";"1999-01-05";2;2;18;21;7;55;1;"";"";0;"";"";1;0
21;"ea6fe492a87314a2b0b3a2cae58a76142c61b6f30d8241178ab2879445c7f28a";"Madeleine";"Wilson";"Madeleine.Wilson@gmail.com";"1999-01-05";2;2;18;21;8;60;2;"‰PNG

";"";0;"";"";1;0
22;"ea6fe492a87314a2b0b3a2cae58a76142c61b6f30d8241178ab2879445c7f28a";"Carl";"Stewart";"Carl.Stewart@gmail.com";"1999-01-05";1;1;18;21;9;20;3;"‰PNG

";"";0;"";"";1;0
23;"ea6fe492a87314a2b0b3a2cae58a76142c61b6f30d8241178ab2879445c7f28a";"Faith";"James";"Faith.James@gmail.com";"1999-01-05";2;1;18;21;10;25;4;"‰PNG

";"";0;"";"";1;0
24;"ea6fe492a87314a2b0b3a2cae58a76142c61b6f30d8241178ab2879445c7f28a";"Lisa";"Sharp";"Lisa.Sharp@gmail.com";"1978-07-12";2;2;20;60;1;30;1;"‰PNG

";"";0;"";"";1;0
25;"ea6fe492a87314a2b0b3a2cae58a76142c61b6f30d8241178ab2879445c7f28a";"Lucas";"Short";"Lucas.Short@gmail.com";"1978-07-12";1;1;20;60;2;35;2;"‰PNG

";"";0;"";"";1;0
26;"ea6fe492a87314a2b0b3a2cae58a76142c61b6f30d8241178ab2879445c7f28a";"Una";"Nash";"Una.Nash@gmail.com";"1978-07-12";2;2;20;60;3;40;3;"‰PNG

";"";0;"";"";1;0
27;"ea6fe492a87314a2b0b3a2cae58a76142c61b6f30d8241178ab2879445c7f28a";"Jacob";"Newman";"Jacob.Newman@gmail.com";"1978-07-12";1;2;20;60;4;45;4;"‰PNG

";"";0;"";"";1;0
28;"ea6fe492a87314a2b0b3a2cae58a76142c61b6f30d8241178ab2879445c7f28a";"Dorothy";"Mathis";"Dorothy.Mathis@gmail.com";"1978-07-12";2;2;20;60;5;50;1;"‰PNG

";"";0;"";"";1;0
29;"ea6fe492a87314a2b0b3a2cae58a76142c61b6f30d8241178ab2879445c7f28a";"Irene";"Hemmings";"Irene.Hemmings@gmail.com";"1978-07-12";2;2;20;60;6;55;2;"";"";0;"";"";1;0
30;"ea6fe492a87314a2b0b3a2cae58a76142c61b6f30d8241178ab2879445c7f28a";"Caroline";"Davies";"Caroline.Davies@gmail.com";"1991-01-07";2;1;20;35;7;60;3;"";"";0;"";"";1;0
31;"ea6fe492a87314a2b0b3a2cae58a76142c61b6f30d8241178ab2879445c7f28a";"Phil";"Sharp";"Phil.Sharp@gmail.com";"1991-01-07";1;1;20;35;8;20;4;"‰PNG

";"";0;"";"";1;0
32;"ea6fe492a87314a2b0b3a2cae58a76142c61b6f30d8241178ab2879445c7f28a";"Ella";"Hughes";"Ella.Hughes@gmail.com";"1991-01-07";2;2;20;35;9;25;1;"";"";0;"";"";1;0
33;"ea6fe492a87314a2b0b3a2cae58a76142c61b6f30d8241178ab2879445c7f28a";"Samantha";"Ferguson";"Samantha.Ferguson@gmail.com";"1991-01-07";2;2;20;35;10;30;2;"";"";0;"";"";1;0
34;"ea6fe492a87314a2b0b3a2cae58a76142c61b6f30d8241178ab2879445c7f28a";"Warren";"Rutherford";"Warren.Rutherford@gmail.com";"1991-01-07";1;1;20;35;1;35;3;"‰PNG

";"";0;"";"";1;0
35;"ea6fe492a87314a2b0b3a2cae58a76142c61b6f30d8241178ab2879445c7f28a";"Elizabeth";"Lewis";"Elizabeth.Lewis@gmail.com";"1991-01-07";2;2;20;35;2;40;4;"";"";0;"";"";1;0
36;"ea6fe492a87314a2b0b3a2cae58a76142c61b6f30d8241178ab2879445c7f28a";"Jane";"Langdon";"Jane.Langdon@gmail.com";"1991-01-07";2;2;20;35;3;45;1;"";"";0;"";"";1;0
37;"ea6fe492a87314a2b0b3a2cae58a76142c61b6f30d8241178ab2879445c7f28a";"Ava";"Pullman";"Ava.Pullman@gmail.com";"1991-01-07";2;1;20;35;4;50;2;"";"";0;"";"";1;0
38;"ea6fe492a87314a2b0b3a2cae58a76142c61b6f30d8241178ab2879445c7f28a";"Vanessa";"Campbell";"Vanessa.Campbell@gmail.com";"1991-01-07";2;2;20;35;5;55;3;"";"";0;"";"";1;0
39;"ea6fe492a87314a2b0b3a2cae58a76142c61b6f30d8241178ab2879445c7f28a";"Diane";"Henderson";"Diane.Henderson@gmail.com";"1991-01-07";2;2;20;35;6;60;4;"";"";0;"";"";1;0
40;"ea6fe492a87314a2b0b3a2cae58a76142c61b6f30d8241178ab2879445c7f28a";"Madeleine";"Duncan";"Madeleine.Duncan@gmail.com";"1991-01-07";2;2;20;35;7;20;1;"";"";0;"";"";1;0
41;"ea6fe492a87314a2b0b3a2cae58a76142c61b6f30d8241178ab2879445c7f28a";"Diana";"Mackay";"Diana.Mackay@gmail.com";"1991-01-07";2;2;20;35;8;25;2;"";"";0;"";"";1;0
42;"ea6fe492a87314a2b0b3a2cae58a76142c61b6f30d8241178ab2879445c7f28a";"Una";"Rutherford";"Una.Rutherford@gmail.com";"1991-01-07";2;1;20;35;9;30;3;"";"";0;"";"";1;0
43;"ea6fe492a87314a2b0b3a2cae58a76142c61b6f30d8241178ab2879445c7f28a";"Jessica";"Walsh";"Jessica.Walsh@gmail.com";"1991-01-07";2;2;20;35;10;35;4;"";"";0;"";"";1;0
44;"ea6fe492a87314a2b0b3a2cae58a76142c61b6f30d8241178ab2879445c7f28a";"Ella";"Terry";"Ella.Terry@gmail.com";"1991-01-07";2;2;20;35;1;40;1;"";"";0;"";"";1;0
45;"ea6fe492a87314a2b0b3a2cae58a76142c61b6f30d8241178ab2879445c7f28a";"Robert";"Wilkins";"Robert.Wilkins@gmail.com";"1991-01-07";1;1;20;35;2;45;2;"‰PNG

";"";0;"";"";1;0
46;"ea6fe492a87314a2b0b3a2cae58a76142c61b6f30d8241178ab2879445c7f28a";"Bella";"Walsh";"Bella.Walsh@gmail.com";"1991-01-07";2;2;20;35;3;50;3;"";"";0;"";"";1;0
47;"ea6fe492a87314a2b0b3a2cae58a76142c61b6f30d8241178ab2879445c7f28a";"Penelope";"Mackay";"Penelope.Mackay@gmail.com";"1991-01-07";2;2;20;35;4;55;4;"";"";0;"";"";1;0
48;"ea6fe492a87314a2b0b3a2cae58a76142c61b6f30d8241178ab2879445c7f28a";"Amanda";"Hart";"Amanda.Hart@gmail.com";"1991-01-07";2;1;20;35;5;60;1;"";"";0;"";"";1;0
49;"ea6fe492a87314a2b0b3a2cae58a76142c61b6f30d8241178ab2879445c7f28a";"Virginia";"Randall";"Virginia.Randall@gmail.com";"1991-01-07";2;2;20;35;6;20;2;"";"";0;"";"";1;0
50;"ea6fe492a87314a2b0b3a2cae58a76142c61b6f30d8241178ab2879445c7f28a";"Gabrielle";"Edmunds";"Gabrielle.Edmunds@gmail.com";"1991-01-07";2;2;20;35;7;25;3;"";"";0;"";"";1;0
51;"ea6fe492a87314a2b0b3a2cae58a76142c61b6f30d8241178ab2879445c7f28a";"Jessica";"Anderson";"Jessica.Anderson@gmail.com";"1991-01-07";2;2;20;35;8;30;4;"";"";0;"";"";1;0
52;"ea6fe492a87314a2b0b3a2cae58a76142c61b6f30d8241178ab2879445c7f28a";"Jan";"Buckland";"Jan.Buckland@gmail.com";"1991-01-07";1;1;20;35;9;35;1;"‰PNG

";"";0;"";"";1;0
53;"ea6fe492a87314a2b0b3a2cae58a76142c61b6f30d8241178ab2879445c7f28a";"Stewart";"James";"Stewart.James@gmail.com";"1991-01-07";1;2;20;35;10;40;2;"‰PNG

";"";0;"";"";1;0
54;"ea6fe492a87314a2b0b3a2cae58a76142c61b6f30d8241178ab2879445c7f28a";"Emma";"White";"Emma.White@gmail.com";"1991-01-07";2;2;20;35;1;45;3;"";"";0;"";"";1;0
55;"ea6fe492a87314a2b0b3a2cae58a76142c61b6f30d8241178ab2879445c7f28a";"Lily";"Paige";"Lily.Paige@gmail.com";"1991-01-07";2;1;20;35;2;50;4;"";"";0;"";"";1;0
